run,fid,num_real,num_fake,device,time_sec
main,85.04891967773438,1020,1020,cuda,39.80116659984924
25,83.00492095947266,1020,1020,cuda,22.294359699822962
50,84.28236389160156,1020,1020,cuda,22.573938299901783
100,85.04891967773438,1020,1020,cuda,15.809114300180227
